City_ID,City,Country,Date,Lat,Lng,Max Temp,Humidity,Cloudiness,Wind Speed
0,Hithadhoo,MV,2020-10-31 15:49:51,-0.6,73.08,83.84,71,94,7.72
1,Port Alfred,ZA,2020-10-31 15:49:52,-33.59,26.89,65.91,72,84,16.2
2,Skoghall,SE,2020-10-31 15:49:52,59.32,13.47,46.4,100,80,8.05
3,Ushuaia,AR,2020-10-31 15:49:52,-54.8,-68.3,55.4,54,40,3.36
4,Lujan,AR,2020-10-31 15:49:52,-34.57,-59.1,72.0,46,0,4.0
5,Sao Joao Da Barra,BR,2020-10-31 15:49:52,-21.64,-41.05,73.4,78,90,16.11
6,Tasiilaq,GL,2020-10-31 15:49:52,65.61,-37.64,32.0,95,90,2.24
7,Santa Quiteria,BR,2020-10-31 15:49:52,-4.33,-40.16,103.35,21,93,6.58
8,Berlevag,NO,2020-10-31 15:49:52,70.86,29.09,31.1,94,79,14.23
9,Immokalee,US,2020-10-31 15:49:53,26.42,-81.42,84.2,70,75,14.99
10,Dikson,RU,2020-10-31 15:49:53,73.51,80.55,16.5,97,100,17.13
11,Port Blair,IN,2020-10-31 15:49:53,11.67,92.75,80.53,82,35,8.01
12,Albanel,CA,2020-10-31 15:49:53,48.88,-72.45,23.0,67,0,1.12
13,Chahal,GT,2020-10-31 15:49:53,15.75,-89.57,72.21,94,100,4.09
14,Biltine,TD,2020-10-31 15:49:53,14.53,20.92,90.61,19,2,10.33
15,Santa Barbara,US,2020-10-31 15:47:48,34.73,-120.03,66.99,100,1,4.52
16,Iqaluit,CA,2020-10-31 15:49:53,63.75,-68.51,19.4,79,75,8.05
17,Luderitz,NA,2020-10-31 15:49:53,-26.65,15.16,72.37,39,33,27.92
18,Pangnirtung,CA,2020-10-31 15:49:53,66.15,-65.71,19.4,52,75,4.36
19,Huntington,US,2020-10-31 15:48:29,38.42,-82.45,52.0,80,1,4.7
20,Margate,GB,2020-10-31 15:49:53,51.38,1.39,59.0,91,92,5.99
21,Mahebourg,MU,2020-10-31 15:47:05,-20.41,57.7,69.8,68,40,10.29
22,Abidjan,CI,2020-10-31 15:49:54,5.31,-4.02,84.2,70,40,4.7
23,Chama,CH,2020-10-31 15:49:54,47.18,8.46,52.0,93,40,2.24
24,Cape Town,ZA,2020-10-31 15:49:54,-33.93,18.42,68.0,52,0,26.4
25,Rincon,US,2020-10-31 15:46:31,32.3,-81.24,66.99,63,20,12.75
26,Mbanza-Ngungu,CD,2020-10-31 15:49:54,-5.25,14.87,81.03,74,73,2.86
27,Pimentel,PE,2020-10-31 15:49:54,-6.84,-79.93,66.2,72,90,6.93
28,Hermanus,ZA,2020-10-31 15:49:54,-34.42,19.23,66.0,58,0,8.99
29,Chabahar,IR,2020-10-31 15:49:54,25.29,60.64,75.94,54,0,11.61
30,Port Elizabeth,ZA,2020-10-31 15:49:54,-33.92,25.57,66.2,68,0,6.93
31,East London,ZA,2020-10-31 15:49:54,-33.02,27.91,66.2,68,20,8.05
32,Mogadishu,SO,2020-10-31 15:48:26,2.04,45.34,80.71,79,6,12.91
33,Galle,LK,2020-10-31 15:47:00,6.04,80.22,79.92,81,11,5.46
34,Souillac,MU,2020-10-31 15:49:55,-20.52,57.52,69.8,68,40,10.29
35,Harboore,DK,2020-10-31 15:49:55,56.62,8.18,53.01,79,50,5.99
36,Jamestown,US,2020-10-31 15:46:06,42.1,-79.24,37.99,74,90,6.93
37,Lagoa,PT,2020-10-31 15:49:55,39.05,-27.98,68.65,92,95,26.6
38,Tabuk,PH,2020-10-31 15:49:55,17.42,121.44,69.75,84,100,9.8
39,Aripuana,BR,2020-10-31 15:49:55,-9.17,-60.63,87.06,62,100,2.55
40,Chamba,IN,2020-10-31 15:45:43,32.57,76.13,59.38,35,0,7.38
41,Nouadhibou,MR,2020-10-31 15:49:55,20.93,-17.03,75.2,64,1,16.11
42,Luanda,AO,2020-10-31 15:47:20,-8.84,13.23,82.4,65,20,11.41
43,Zharkent,KZ,2020-10-31 15:49:55,44.16,80.0,42.8,55,0,3.53
44,Qaanaaq,GL,2020-10-31 15:49:55,77.48,-69.36,12.11,87,97,7.2
45,Saint-Philippe,RE,2020-10-31 15:49:55,-21.36,55.77,69.8,60,75,4.7
46,Chicama,PE,2020-10-31 15:49:55,-7.84,-79.15,62.6,82,90,6.93
47,Gat,IL,2020-10-31 15:46:02,31.61,34.76,77.0,100,28,1.99
48,Baghdad,IQ,2020-10-31 15:48:28,33.34,44.4,80.6,22,0,6.93
49,Saint-Augustin,CA,2020-10-31 15:49:56,51.23,-58.65,32.52,77,1,11.72
50,Newberry,US,2020-10-31 15:49:56,34.27,-81.62,57.99,62,40,8.05
51,Bambous Virieux,MU,2020-10-31 15:49:56,-20.34,57.76,69.8,68,40,10.29
52,Filadelfia,US,2020-10-31 15:45:20,39.95,-75.16,46.99,56,20,8.05
53,Conneaut,US,2020-10-31 15:49:53,41.95,-80.55,42.01,65,1,9.17
54,Mehamn,NO,2020-10-31 15:49:56,71.04,27.85,30.42,94,86,11.32
55,Kurud,IN,2020-10-31 15:49:56,20.83,81.72,70.02,60,0,2.98
56,Belmonte,BR,2020-10-31 15:49:56,-15.86,-38.88,82.4,65,75,16.11
57,Longyearbyen,SJ,2020-10-31 15:49:56,78.22,15.64,21.2,73,75,3.36
58,Ponta Do Sol,PT,2020-10-31 15:49:56,32.67,-17.1,75.0,78,20,8.05
59,Ratnagiri,IN,2020-10-31 15:45:15,16.98,73.3,79.9,70,0,6.71
60,Halifax,CA,2020-10-31 15:47:45,44.65,-63.57,41.0,44,0,9.17
61,Mar Del Plata,AR,2020-10-31 15:45:00,-38.0,-57.56,69.8,35,0,4.7
62,Eyl,SO,2020-10-31 15:49:57,7.98,49.82,80.56,70,52,15.82
63,Cape Canaveral,US,2020-10-31 15:49:57,28.41,-80.6,82.4,57,1,8.05
64,Chingirlau,KZ,2020-10-31 15:49:57,51.09,54.08,47.35,57,100,7.56
65,Chuy,UY,2020-10-31 15:49:57,-33.7,-53.46,65.12,61,43,7.87
66,Japura,ID,2020-10-31 15:49:57,-0.32,102.35,76.19,94,94,1.97
67,Belle Glade,US,2020-10-31 15:49:57,26.68,-80.67,82.0,83,62,1.99
68,Saint-Pierre,RE,2020-10-31 15:49:57,-21.34,55.48,69.8,60,75,4.7
69,Marathon,US,2020-10-31 15:48:17,44.9,-89.77,39.0,69,1,10.29
70,Cockburn Town,TC,2020-10-31 15:49:57,21.46,-71.14,82.76,80,91,17.65
71,Constitucion,CL,2020-10-31 15:49:57,-35.33,-72.42,66.81,57,0,3.91
72,Minsk,BY,2020-10-31 15:46:50,53.9,27.57,46.4,93,75,6.71
73,Ngama,TD,2020-10-31 15:49:57,11.78,17.17,94.91,23,0,2.84
74,Husavik,IS,2020-10-31 15:49:05,66.04,-17.34,42.8,70,0,12.75
75,Sabirabad,AZ,2020-10-31 15:49:58,40.01,48.48,59.0,87,0,4.7
76,Georgetown,MY,2020-10-31 15:47:12,5.41,100.34,82.4,83,40,3.36
77,Dawlatabad,AF,2020-10-31 15:49:58,36.41,64.91,47.28,50,0,4.5
78,Richards Bay,ZA,2020-10-31 15:49:58,-28.78,32.04,67.35,78,100,11.61
79,Vila Franca Do Campo,PT,2020-10-31 15:49:58,37.72,-25.43,69.8,94,75,17.22
80,Izhma,RU,2020-10-31 15:49:58,65.01,53.91,34.27,89,99,11.32
81,Khartoum,SD,2020-10-31 15:49:13,15.55,32.53,96.8,15,0,11.41
82,Port-Gentil,GA,2020-10-31 15:49:58,-0.72,8.78,86.0,70,40,14.99
83,Pinega,RU,2020-10-31 15:49:58,64.7,43.39,30.65,96,0,5.03
84,Victoria,HK,2020-10-31 15:49:58,22.29,114.16,73.99,77,1,1.99
85,Peno,RU,2020-10-31 15:49:59,56.93,32.74,45.39,87,100,4.23
86,Saint Leonard,CA,2020-10-31 15:49:59,47.17,-67.92,32.0,68,0,4.0
87,Xacmaz,AZ,2020-10-31 15:49:59,41.46,48.81,62.31,82,100,3.85
88,Najran,SA,2020-10-31 15:49:59,17.49,44.13,77.0,23,0,6.93
89,Rojhan,PK,2020-10-31 15:49:59,28.69,69.95,71.28,20,0,2.46
90,Lebu,CL,2020-10-31 15:50:00,-37.62,-73.65,61.72,63,12,9.78
91,Vestmannaeyjar,IS,2020-10-31 15:50:00,63.44,-20.27,44.6,75,20,12.75
92,Sayyan,YE,2020-10-31 15:50:00,15.17,44.32,58.21,33,12,10.18
93,Bengkulu,ID,2020-10-31 15:50:00,-3.8,102.27,77.4,85,100,3.24
94,Iberia,US,2020-10-31 15:50:00,29.95,-91.75,62.01,93,1,3.36
95,Anamur,TR,2020-10-31 15:50:00,36.08,32.84,71.6,78,20,4.7
96,San Cristobal,VE,2020-10-31 15:47:25,7.77,-72.22,82.4,74,75,4.7
97,Semirom,IR,2020-10-31 15:50:00,31.42,51.57,38.48,69,0,1.23
98,Marysville,US,2020-10-31 15:45:04,48.05,-122.18,43.0,80,1,1.5
99,Narok,KE,2020-10-31 15:50:00,-1.08,35.86,67.15,54,68,10.63
100,Punta Arenas,CL,2020-10-31 15:49:29,-53.15,-70.92,51.8,71,0,9.17
101,Ampanihy,MG,2020-10-31 15:50:00,-24.7,44.75,80.28,42,0,12.71
102,Ostrovnoy,RU,2020-10-31 15:50:00,68.05,39.51,26.89,95,13,12.21
103,Santiago Del Estero,AR,2020-10-31 15:50:00,-27.8,-64.26,80.01,23,0,5.7
104,Rio Tercero,AR,2020-10-31 15:50:01,-32.17,-64.11,76.75,25,0,10.92
105,Porbandar,IN,2020-10-31 15:50:01,21.64,69.61,83.35,38,0,8.23
106,Bangolo,CI,2020-10-31 15:50:01,7.01,-7.47,89.01,52,39,2.77
107,Geraldton,AU,2020-10-31 15:50:01,-28.77,114.6,68.0,72,100,11.41
108,Cayenne,GF,2020-10-31 15:50:01,4.93,-52.33,89.6,62,100,8.05
109,Nortelandia,BR,2020-10-31 15:50:01,-14.45,-56.8,88.48,46,83,6.29
110,Nanortalik,GL,2020-10-31 15:50:01,60.14,-45.24,29.55,90,11,15.52
111,Baijiantan,CN,2020-10-31 15:50:01,45.63,85.18,38.93,67,0,3.31
112,Namibe,AO,2020-10-31 15:50:01,-15.2,12.15,74.12,77,17,12.5
113,Arraial Do Cabo,BR,2020-10-31 15:50:02,-22.97,-42.03,69.8,94,90,8.05
114,Taoudenni,ML,2020-10-31 15:50:02,22.68,-3.98,92.5,11,100,8.23
115,Warri,NG,2020-10-31 15:50:02,5.52,5.75,81.82,79,93,8.59
116,Upernavik,GL,2020-10-31 15:50:02,72.79,-56.15,16.48,95,64,10.67
117,Derzhavinsk,KZ,2020-10-31 15:50:02,51.1,66.32,38.57,69,7,5.59
118,Concarneau,FR,2020-10-31 15:50:02,47.88,-3.92,57.2,71,75,8.05
119,Sarmanovo,RU,2020-10-31 15:50:02,55.26,52.59,41.0,75,90,6.71
120,Busselton,AU,2020-10-31 15:50:02,-33.65,115.33,63.0,66,100,13.58
121,Delaware,US,2020-10-31 15:45:55,39.0,-75.5,45.0,56,1,8.05
122,Abalak,RU,2020-10-31 15:50:03,58.13,68.59,34.74,89,100,8.99
123,Severodvinsk,RU,2020-10-31 15:50:03,64.56,39.83,30.2,92,20,2.24
124,Dunda,TZ,2020-10-31 15:50:03,-8.12,34.25,80.4,30,53,8.32
125,Ribeira Grande,PT,2020-10-31 15:50:03,38.52,-28.7,69.8,94,75,18.34
126,Mao,ES,2020-10-31 15:50:03,39.89,4.27,68.0,68,0,6.93
127,Bilma,NE,2020-10-31 15:50:03,18.69,12.92,82.65,16,0,5.01
128,Sena Madureira,BR,2020-10-31 15:50:03,-9.07,-68.66,74.12,84,100,3.47
129,Antofagasta,CL,2020-10-31 15:46:26,-23.65,-70.4,68.0,67,0,11.41
130,Cambridge,CA,2020-10-31 15:50:04,43.36,-80.31,42.01,64,1,4.7
131,Muros,ES,2020-10-31 15:50:04,42.78,-9.06,63.0,92,100,17.0
132,Tessalit,ML,2020-10-31 15:50:04,20.2,1.01,93.2,11,8,11.07
133,Amalapuram,IN,2020-10-31 15:50:04,16.58,82.02,82.4,65,0,3.36
134,Mwense,ZM,2020-10-31 15:50:04,-10.38,28.7,84.24,24,54,4.0
135,Hvolsvollur,IS,2020-10-31 15:50:04,63.75,-20.22,44.6,75,20,12.75
136,Klaksvik,FO,2020-10-31 15:50:04,62.23,-6.59,50.0,87,100,28.86
137,Clyde River,CA,2020-10-31 15:50:04,70.47,-68.59,15.8,92,90,12.75
138,Atar,MR,2020-10-31 15:50:04,20.52,-13.05,100.4,18,0,9.17
139,Ilulissat,GL,2020-10-31 15:50:04,69.22,-51.1,17.6,67,75,6.93
140,Miraflores,MX,2020-10-31 15:50:04,19.22,-98.81,60.8,54,5,4.7
141,Santa Cruz,BO,2020-10-31 15:50:04,-17.8,-63.17,84.2,54,40,24.16
142,Yarkovo,RU,2020-10-31 15:50:05,57.4,67.08,34.72,89,98,8.59
143,Narsaq,GL,2020-10-31 15:50:05,60.92,-46.05,28.4,68,40,1.88
144,Cunha,BR,2020-10-31 15:50:05,-23.07,-44.96,71.6,73,75,5.82
145,Huarmey,PE,2020-10-31 15:50:05,-10.07,-78.15,68.58,68,99,8.28
146,Marion,US,2020-10-31 15:49:59,39.77,-86.16,48.0,70,20,9.17
147,Palora,EC,2020-10-31 15:50:05,-1.7,-77.93,78.8,65,75,5.82
148,Comodoro Rivadavia,AR,2020-10-31 15:50:05,-45.87,-67.5,62.6,63,0,5.82
149,Bredasdorp,ZA,2020-10-31 15:50:05,-34.53,20.04,66.2,48,0,13.87
150,Dwarka,IN,2020-10-31 15:50:05,22.24,68.97,82.74,54,0,12.53
151,Walvis Bay,NA,2020-10-31 15:50:05,-22.96,14.51,71.6,46,80,10.29
152,Karasjok,NO,2020-10-31 15:50:06,69.47,25.51,32.0,97,75,18.34
153,Kavaratti,IN,2020-10-31 15:50:06,10.57,72.64,83.05,70,68,4.36
154,Karauli,IN,2020-10-31 15:50:06,26.5,77.02,70.45,22,0,3.15
155,Pergamino,AR,2020-10-31 15:50:06,-33.89,-60.57,73.0,36,0,1.99
156,Posse,BR,2020-10-31 15:50:06,-14.09,-46.37,71.92,88,100,5.7
157,Ornskoldsvik,SE,2020-10-31 15:50:06,63.29,18.72,41.0,100,87,4.7
158,Yar-Sale,RU,2020-10-31 15:50:06,66.83,70.83,27.84,95,93,12.82
159,Saldanha,ZA,2020-10-31 15:50:06,-33.01,17.94,75.2,36,0,17.22
160,Kadoma,JP,2020-10-31 15:50:06,34.73,135.58,54.0,57,43,3.11
161,Hamilton,US,2020-10-31 15:50:06,39.18,-84.53,50.0,61,20,11.41
162,Jardim,BR,2020-10-31 15:50:06,-21.48,-56.14,81.75,56,82,5.1
163,Hryshkivtsi,UA,2020-10-31 15:50:06,49.94,28.6,44.2,84,99,10.33
164,Penzance,GB,2020-10-31 15:49:14,50.12,-5.54,53.6,71,20,19.46
165,Grindavik,IS,2020-10-31 15:50:06,63.84,-22.43,44.6,81,75,6.93
166,Torbay,CA,2020-10-31 15:50:06,47.67,-52.73,37.99,64,90,18.34
167,Saint George,US,2020-10-31 15:49:34,37.1,-113.58,44.6,33,1,1.9
168,Booue,GA,2020-10-31 15:50:06,-0.09,11.94,78.44,90,84,2.64
169,Ostersund,SE,2020-10-31 15:50:06,63.18,14.64,37.4,100,71,8.05
170,Jacqueville,CI,2020-10-31 15:50:06,5.21,-4.41,84.2,70,40,4.7
171,Vestmanna,FO,2020-10-31 15:50:06,62.16,-7.17,50.0,87,100,28.86
172,Centenario Do Sul,BR,2020-10-31 15:50:07,-22.82,-51.6,79.43,49,22,10.94
173,Bubaque,GW,2020-10-31 15:50:07,11.28,-15.83,85.48,60,81,6.38
174,Vardo,NO,2020-10-31 15:50:07,70.37,31.11,33.8,74,75,18.34
175,Jamtara,IN,2020-10-31 15:50:07,23.95,86.8,76.05,62,20,5.55
176,Los Llanos De Aridane,ES,2020-10-31 15:50:07,28.66,-17.92,80.6,61,0,8.05
177,Plettenberg Bay,ZA,2020-10-31 15:50:07,-34.05,23.37,62.44,69,1,12.35
178,Oranjemund,NA,2020-10-31 15:50:07,-28.55,16.43,64.74,58,0,23.42
179,Takoradi,GH,2020-10-31 15:50:07,4.88,-1.76,82.51,76,24,7.9
180,Damara,CF,2020-10-31 15:50:07,4.96,18.7,89.6,62,40,3.36
181,Mattru,SL,2020-10-31 15:50:07,7.62,-11.83,85.26,70,72,3.96
182,Esil,KZ,2020-10-31 15:50:07,51.96,66.4,35.98,81,22,7.2
183,Vangaindrano,MG,2020-10-31 15:50:07,-23.35,47.6,67.46,76,31,7.38
184,Hambantota,LK,2020-10-31 15:50:07,6.12,81.12,80.6,94,20,3.36
185,Cidreira,BR,2020-10-31 15:45:44,-30.18,-50.21,67.68,60,90,9.35
186,Saint-Francois,FR,2020-10-31 15:50:07,46.42,3.91,66.2,63,0,3.36
187,Raudeberg,NO,2020-10-31 15:50:08,61.99,5.14,51.01,54,100,13.73
188,Vila Velha,BR,2020-10-31 15:50:08,-20.33,-40.29,73.4,88,75,2.24
189,Kamina,CD,2020-10-31 15:50:08,-8.74,24.99,72.36,80,84,5.08
190,Dariba,IN,2020-10-31 15:50:08,24.95,74.13,69.26,23,0,2.21
191,Herat,AF,2020-10-31 15:50:08,34.5,62.0,50.0,10,0,3.36
192,Waddan,LY,2020-10-31 15:50:08,29.16,16.14,70.2,45,4,9.19
193,Orangeville,CA,2020-10-31 15:50:07,43.92,-80.1,37.99,74,0,10.22
194,Tazovskiy,RU,2020-10-31 15:50:08,67.47,78.7,34.34,99,100,12.24
195,Teguise,ES,2020-10-31 15:50:08,29.06,-13.56,78.8,57,0,10.29
196,Muzhi,RU,2020-10-31 15:50:08,65.37,64.67,29.41,94,46,12.64
197,Borisoglebsk,RU,2020-10-31 15:50:08,51.37,42.08,52.54,91,100,9.91
198,Rio Grande,BR,2020-10-31 15:47:12,-32.03,-52.1,68.0,60,75,13.87
199,Taltal,CL,2020-10-31 15:47:31,-25.4,-70.48,64.35,58,48,7.49
200,Santa Rosa,PH,2020-10-31 15:50:08,14.31,121.11,81.0,83,75,2.24
201,Itarema,BR,2020-10-31 15:50:08,-2.92,-39.92,88.9,55,98,17.31
202,Reyes,BO,2020-10-31 15:50:09,-14.32,-67.38,84.2,47,40,9.17
203,Cap Malheureux,MU,2020-10-31 15:50:09,-19.98,57.61,66.99,68,0,16.49
204,Nador,MA,2020-10-31 15:50:09,35.17,-2.93,71.6,73,20,6.93
205,Imbituba,BR,2020-10-31 15:50:09,-28.24,-48.67,68.0,64,75,8.05
206,Iskateley,RU,2020-10-31 15:50:09,67.68,53.15,33.73,92,100,16.93
207,Sakakah,SA,2020-10-31 15:50:09,29.97,40.21,84.2,9,0,4.7
208,Mezen,RU,2020-10-31 15:50:09,65.85,44.24,32.05,96,75,7.43
209,Bahia Honda,CU,2020-10-31 15:50:09,22.9,-83.16,82.92,76,40,8.77
210,Gaoual,GN,2020-10-31 15:50:09,11.75,-13.2,93.92,30,55,5.26
211,Luangwa,ZM,2020-10-31 15:50:09,-15.62,30.42,91.06,26,0,8.79
212,Talnakh,RU,2020-10-31 15:50:09,69.49,88.4,17.6,92,75,40.26
213,Aden,YE,2020-10-31 15:47:11,12.78,45.04,83.34,66,0,17.34
214,Lawrenceburg,US,2020-10-31 15:50:09,38.04,-84.9,51.01,75,1,4.7
215,Rocha,UY,2020-10-31 15:50:09,-34.48,-54.33,66.36,54,1,8.21
216,Caraquet,CA,2020-10-31 15:50:09,47.79,-64.94,30.2,58,6,11.41
217,Ilhabela,BR,2020-10-31 15:50:10,-23.78,-45.36,68.41,84,100,6.15
218,Faya,SA,2020-10-31 15:50:10,18.39,42.45,68.0,60,40,4.7
219,Mariental,NA,2020-10-31 15:50:10,-24.63,17.97,96.48,10,48,8.34
220,Carballo,ES,2020-10-31 15:50:10,43.21,-8.69,68.0,82,40,19.46
221,Jalu,LY,2020-10-31 15:50:10,29.03,21.55,69.44,44,0,5.95
222,Road Town,VG,2020-10-31 15:47:59,18.42,-64.62,86.0,66,20,14.99
223,Havoysund,NO,2020-10-31 15:50:10,71.0,24.66,37.4,74,100,14.99
224,Tacuarembo,UY,2020-10-31 15:50:10,-31.73,-55.98,68.86,58,20,10.33
225,Lisakovsk,KZ,2020-10-31 15:50:10,52.54,62.49,37.74,75,69,9.66
226,Wanlaweyn,SO,2020-10-31 15:50:10,2.62,44.89,80.85,73,44,14.94
227,Kutum,SD,2020-10-31 15:50:10,14.2,24.67,82.31,19,0,9.33
228,Atasu,KZ,2020-10-31 15:50:10,48.68,71.64,37.87,67,0,6.51
229,Brasilia De Minas,BR,2020-10-31 15:50:11,-16.21,-44.43,71.22,88,100,8.12
230,Seda,LV,2020-10-31 15:50:11,57.65,25.75,45.0,90,25,2.89
231,Otavi,NA,2020-10-31 15:50:11,-19.65,17.33,88.77,23,80,3.38
232,Martinsburg,US,2020-10-31 15:50:11,39.46,-77.96,48.0,57,1,3.31
233,Saint-Leu,RE,2020-10-31 15:50:11,-21.15,55.28,69.8,60,75,4.7
234,Beira,MZ,2020-10-31 15:50:11,-19.84,34.84,78.8,78,20,18.34
235,Sao Filipe,CV,2020-10-31 15:50:11,14.9,-24.5,82.33,58,59,16.55
236,Sadovoye,RU,2020-10-31 15:50:11,47.78,44.51,56.25,70,94,10.54
237,Haverfordwest,GB,2020-10-31 15:50:11,51.8,-4.97,57.99,76,98,27.51
238,Mondovi,IT,2020-10-31 15:50:11,44.4,7.82,62.6,77,100,1.12
239,Elverum,NO,2020-10-31 15:50:11,60.88,11.56,43.0,90,100,1.01
240,Aljezur,PT,2020-10-31 15:50:11,37.32,-8.8,71.98,54,6,9.73
241,Stornoway,GB,2020-10-31 15:50:11,58.21,-6.39,50.0,93,90,41.38
242,Quatre Cocos,MU,2020-10-31 15:50:12,-20.21,57.76,69.8,68,40,10.29
243,Nevinnomyssk,RU,2020-10-31 15:50:12,44.63,41.95,59.0,1,43,1.01
244,Sao Felix Do Xingu,BR,2020-10-31 15:50:12,-6.64,-51.99,93.56,44,97,3.44
245,Jizan,SA,2020-10-31 15:50:12,17.33,42.67,87.8,66,0,8.05
246,Esmeraldas,BR,2020-10-31 15:50:12,-19.76,-44.31,75.2,82,75,13.87
247,Porto Franco,BR,2020-10-31 15:50:12,-6.34,-47.4,89.58,53,100,4.25
248,Koygorodok,RU,2020-10-31 15:50:12,60.45,51.0,33.17,91,99,7.7
249,Teguldet,RU,2020-10-31 15:50:12,57.31,88.17,30.07,99,100,5.55
250,Hargeysa,SO,2020-10-31 15:50:12,9.56,44.06,68.67,81,9,18.68
251,Druzhba,UA,2020-10-31 15:50:12,52.04,33.95,46.47,88,100,14.79
252,Minab,IR,2020-10-31 15:50:12,27.15,57.08,73.4,73,0,4.7
253,Tigre,AR,2020-10-31 15:50:13,-34.43,-58.58,70.0,37,20,6.93
254,Nsanje,MW,2020-10-31 15:50:13,-16.92,35.26,73.02,82,90,7.0
255,Umarkot,PK,2020-10-31 15:50:13,25.36,69.74,82.6,15,0,3.6
256,Sur,OM,2020-10-31 15:50:13,22.57,59.53,73.71,56,0,4.63
257,Tonj,SS,2020-10-31 15:50:13,7.27,28.68,80.28,71,12,2.35
258,Iranshahr,IR,2020-10-31 15:50:13,27.2,60.68,77.0,9,0,4.7
259,Canico,PT,2020-10-31 15:50:13,32.63,-16.85,75.0,78,20,8.05
260,Mossendjo,CG,2020-10-31 15:50:13,-2.95,12.73,79.29,87,88,1.92
261,Ellisras,ZA,2020-10-31 15:50:13,-23.66,27.74,84.88,26,60,13.67
262,Presidencia Roque Saenz Pena,AR,2020-10-31 15:50:13,-26.79,-60.44,82.0,24,0,8.01
263,Coihaique,CL,2020-10-31 15:50:13,-45.58,-72.07,60.8,48,0,4.7
264,Santa Cruz Del Norte,CU,2020-10-31 15:50:14,23.15,-81.92,82.4,83,40,8.05
265,Esna,EG,2020-10-31 15:50:14,25.29,32.55,89.6,40,20,4.7
266,Abadiania,BR,2020-10-31 15:50:14,-16.2,-48.71,66.2,100,75,10.29
267,Gao,ML,2020-10-31 15:50:14,16.64,1.64,94.17,10,0,13.85
268,Bedford,GB,2020-10-31 15:49:16,52.13,-0.47,55.0,81,20,24.16
269,Manicore,BR,2020-10-31 15:50:14,-5.81,-61.3,97.0,42,88,3.38
270,Ramgarh,IN,2020-10-31 15:48:09,23.63,85.52,75.2,64,13,2.24
271,Jojoima,SL,2020-10-31 15:50:14,7.88,-10.79,90.12,49,59,1.34
272,Nikolskoye,RU,2020-10-31 15:50:14,59.7,30.79,42.8,81,75,4.47
273,Natal,BR,2020-10-31 15:49:48,-5.79,-35.21,84.2,70,75,17.22
274,Pionki,PL,2020-10-31 15:50:14,51.48,21.45,50.0,83,70,3.87
275,San Juan,AR,2020-10-31 15:50:14,-31.54,-68.54,81.97,16,0,8.28
276,Santa Teresa,VE,2020-10-31 15:50:14,10.23,-66.66,80.01,62,14,0.87
277,Queimadas,BR,2020-10-31 15:50:15,-10.98,-39.63,88.11,47,87,2.24
278,Sala,MA,2020-10-31 15:45:54,34.04,-6.82,69.8,73,0,6.93
279,Salihorsk,BY,2020-10-31 15:50:15,52.79,27.54,47.52,87,95,8.14
280,Sabha,LY,2020-10-31 15:50:15,27.04,14.43,70.48,35,0,5.64
281,Antalaha,MG,2020-10-31 15:50:15,-14.9,50.28,70.9,75,56,11.16
282,Thiers,FR,2020-10-31 15:50:15,45.83,3.5,71.6,33,0,2.24
283,Leh,IN,2020-10-31 15:50:15,34.17,77.58,32.13,68,23,2.39
284,Lubango,AO,2020-10-31 15:50:15,-14.92,13.49,77.0,66,75,6.93
285,Mikhaylovskoye,RU,2020-10-31 15:50:15,51.82,79.72,33.76,89,57,3.65
286,Abnub,EG,2020-10-31 15:50:15,27.27,31.15,82.4,54,0,4.7
287,Mugma,IN,2020-10-31 15:48:22,23.77,86.73,76.53,62,37,5.3
288,Banda Aceh,ID,2020-10-31 15:50:15,5.56,95.32,80.69,77,97,8.08
289,Santa Vitoria Do Palmar,BR,2020-10-31 15:50:15,-33.52,-53.37,65.35,58,44,6.91
290,Kita,ML,2020-10-31 15:50:16,13.03,-9.49,96.3,18,24,6.98
291,Havre-Saint-Pierre,CA,2020-10-31 15:50:16,50.23,-63.6,30.2,58,20,12.75
292,San Juan De La Maguana,DO,2020-10-31 15:50:16,18.81,-71.23,84.2,79,75,4.12
293,Mount Juliet,US,2020-10-31 15:50:16,36.2,-86.52,55.0,62,20,5.82
294,Rehoboth,NA,2020-10-31 15:50:17,-23.32,17.08,87.93,17,94,9.48
295,Wote,KE,2020-10-31 15:50:17,-1.78,37.63,73.2,60,75,10.31
296,Camacha,PT,2020-10-31 15:50:17,33.08,-16.33,71.6,78,20,10.29
297,Catamarca,AR,2020-10-31 15:50:17,-28.47,-65.79,84.0,23,0,4.0
298,Huaraz,PE,2020-10-31 15:50:17,-9.53,-77.53,58.69,40,100,1.05
299,Qasigiannguit,GL,2020-10-31 15:50:17,68.82,-51.19,17.6,67,75,6.93
300,Pisco,PE,2020-10-31 15:50:17,-13.7,-76.22,66.2,77,40,8.05
301,Shubarshi,KZ,2020-10-31 15:50:17,48.59,57.19,49.12,43,88,12.28
302,Djenne,ML,2020-10-31 15:50:17,13.91,-4.55,98.85,10,0,10.49
303,Trinidad,BO,2020-10-31 15:50:17,-14.83,-64.9,84.2,37,91,17.22
304,Funadhoo,MV,2020-10-31 15:50:17,6.15,73.27,83.55,67,53,4.83
305,Bathsheba,BB,2020-10-31 15:50:17,13.22,-59.52,84.2,79,40,14.99
306,Kosh-Agach,RU,2020-10-31 15:50:17,50.0,88.67,19.22,83,0,2.39
307,Hounde,BF,2020-10-31 15:50:17,11.5,-3.52,95.9,17,0,7.43
308,Akdepe,TM,2020-10-31 15:50:17,42.06,59.38,50.0,34,0,9.17
309,Umm Lajj,SA,2020-10-31 15:50:18,25.02,37.27,80.04,68,0,3.0
310,Kavarskas,LT,2020-10-31 15:50:18,55.43,24.92,44.94,93,50,4.59
311,Balkhash,KZ,2020-10-31 15:50:18,46.84,74.98,40.96,66,0,5.28
312,Aksarka,RU,2020-10-31 15:50:18,66.56,67.8,27.41,96,25,14.45
313,La Rioja,ES,2020-10-31 15:50:18,42.25,-2.5,71.6,40,0,1.12
314,Jilib,SO,2020-10-31 15:50:18,0.49,42.79,78.93,76,30,8.48
315,Pokhara,NP,2020-10-31 15:50:18,28.23,83.98,70.18,35,61,5.57
316,Yambio,SS,2020-10-31 15:50:18,4.57,28.4,72.43,93,16,3.6
317,Bakel,SN,2020-10-31 15:50:18,14.9,-12.46,100.92,9,100,11.01
318,Wawa,NG,2020-10-31 15:50:18,9.9,4.42,92.61,29,27,2.39
319,Arlit,NE,2020-10-31 15:50:16,18.74,7.39,89.4,13,0,22.32
320,Chimoio,MZ,2020-10-31 15:50:18,-19.12,33.48,82.4,54,20,16.11
321,Strezhevoy,RU,2020-10-31 15:50:18,60.73,77.59,33.8,86,0,11.18
322,Sarishabari,BD,2020-10-31 15:50:18,24.73,89.83,80.31,81,97,6.73
323,Wana,PK,2020-10-31 15:50:18,32.3,69.57,55.8,33,0,3.53
324,Soyo,AO,2020-10-31 15:50:19,-6.13,12.37,79.99,80,37,12.33
325,Challapata,BO,2020-10-31 15:50:19,-18.9,-66.77,58.42,28,33,11.21
326,Hurghada,EG,2020-10-31 15:50:19,27.26,33.81,84.2,58,0,2.24
327,Obidos,BR,2020-10-31 15:48:08,-1.92,-55.52,95.49,35,46,6.11
328,Rabo De Peixe,PT,2020-10-31 15:50:19,37.8,-25.58,69.8,94,75,17.22
329,Codrington,AU,2020-10-31 15:50:19,-38.27,141.97,47.61,88,12,3.8
330,Manoel Urbano,BR,2020-10-31 15:50:19,-8.84,-69.26,68.2,97,100,2.93
331,Illela,NG,2020-10-31 15:50:19,13.73,5.3,96.73,11,0,8.7
332,Muisne,EC,2020-10-31 15:50:19,0.6,-80.03,80.6,83,40,6.93
333,Kharp,RU,2020-10-31 15:50:19,66.8,65.81,27.25,96,39,9.64
334,Paracuru,BR,2020-10-31 15:50:19,-3.41,-39.03,82.0,72,56,24.0
335,Missungwi,TZ,2020-10-31 15:50:20,-2.85,33.08,77.0,61,40,8.05
336,Maniitsoq,GL,2020-10-31 15:50:20,65.42,-52.9,21.09,86,81,5.77
337,Prainha,BR,2020-10-31 15:50:20,-1.8,-53.48,95.88,30,39,7.83
338,Yarim,YE,2020-10-31 15:50:20,14.3,44.38,57.56,47,14,4.27
339,George,ZA,2020-10-31 15:50:20,-33.96,22.46,62.6,59,20,13.87
340,Mbini,GQ,2020-10-31 15:50:20,1.57,9.61,80.6,94,40,4.7
341,Boa Esperanca,BR,2020-10-31 15:50:20,-21.09,-45.57,69.3,71,99,8.68
342,Kostino,RU,2020-10-31 15:50:20,58.91,53.27,34.7,96,100,8.25
343,Visby,SE,2020-10-31 15:50:20,57.64,18.3,51.01,87,0,6.93
344,Kalmunai,LK,2020-10-31 15:50:20,7.42,81.82,80.96,79,76,3.0
345,Kruisfontein,ZA,2020-10-31 15:50:21,-34.0,24.73,64.99,68,38,5.01
346,Puerto Colombia,CO,2020-10-31 15:50:21,10.99,-74.95,84.2,79,75,5.82
347,Babaeski,TR,2020-10-31 15:50:21,41.43,27.09,58.08,65,90,10.47
348,Celendin,PE,2020-10-31 15:50:21,-6.87,-78.15,66.2,22,75,4.7
349,Ipswich,GB,2020-10-31 15:50:21,52.06,1.16,57.99,100,100,17.22
350,Kamenka,RU,2020-10-31 15:50:21,51.32,42.77,50.34,92,100,8.93
351,Nalut,LY,2020-10-31 15:50:21,30.33,10.85,70.48,30,0,7.92
352,Nuuk,GL,2020-10-31 15:50:21,64.18,-51.72,23.0,62,40,9.17
353,Dingle,PH,2020-10-31 15:50:21,11.0,122.67,75.87,84,100,5.68
354,Ponta Delgada,PT,2020-10-31 15:50:21,37.73,-25.67,69.8,94,75,17.22
355,Kapoeta,SS,2020-10-31 15:50:21,4.77,33.59,85.96,37,18,11.63
356,Shieli,KZ,2020-10-31 15:50:21,44.17,66.75,49.35,45,0,11.23
357,Bud,US,2020-10-31 15:50:21,39.45,-86.18,48.0,65,1,5.82
358,Hendaye,FR,2020-10-31 15:50:22,43.37,-1.77,77.0,64,0,5.82
359,Kemise,ET,2020-10-31 15:50:22,10.72,39.87,71.85,43,78,3.76
360,Safaga,EG,2020-10-31 15:50:22,26.73,33.94,84.2,58,0,2.24
361,Puerto Quijarro,BO,2020-10-31 15:50:22,-17.78,-57.77,89.08,40,92,7.45
362,Papagaios,BR,2020-10-31 15:50:22,-19.45,-44.75,74.86,67,98,10.54
363,Boende,CD,2020-10-31 15:50:22,-0.22,20.87,81.55,72,50,1.95
364,Niono,ML,2020-10-31 15:50:22,14.25,-5.99,98.44,10,49,7.63
365,Marfino,RU,2020-10-31 15:50:22,55.7,37.38,45.0,81,75,8.95
366,Matay,EG,2020-10-31 15:50:22,28.42,30.78,78.8,46,14,12.48
367,Pascagoula,US,2020-10-31 15:50:22,30.37,-88.56,63.0,67,20,5.82
368,Lempaala,FI,2020-10-31 15:50:22,61.32,23.75,43.0,93,90,8.05
369,Snezhnogorsk,RU,2020-10-31 15:50:22,69.19,33.25,23.0,85,0,2.24
370,Motril,ES,2020-10-31 15:49:14,36.75,-3.52,69.01,52,2,1.01
371,Santa Cruz Del Sur,CU,2020-10-31 15:50:23,20.71,-78.0,85.59,73,10,13.53
372,Sisimiut,GL,2020-10-31 15:50:23,66.94,-53.67,21.67,90,94,6.49
373,Charyshskoye,RU,2020-10-31 15:50:23,51.4,83.56,26.29,94,68,2.44
374,Harper,LR,2020-10-31 15:50:23,4.38,-7.72,81.32,79,66,8.25
375,Syamzha,RU,2020-10-31 15:50:23,60.02,41.06,30.36,96,0,4.52
376,Mulanje,MW,2020-10-31 15:50:23,-16.03,35.5,70.39,74,94,7.34
377,Yanam,IN,2020-10-31 15:50:23,16.73,82.22,82.4,65,0,3.36
378,Marzuq,YE,2020-10-31 15:50:23,14.4,46.47,71.37,30,0,3.09
379,Turayf,SA,2020-10-31 15:50:23,31.67,38.66,80.6,15,75,5.84
380,Nizwa,OM,2020-10-31 15:50:23,22.93,57.53,71.11,25,6,3.71
381,Owando,CG,2020-10-31 15:50:23,-0.48,15.9,82.8,70,32,1.39
382,Anloga,GH,2020-10-31 15:50:24,5.79,0.9,87.8,66,20,12.75
383,Touros,BR,2020-10-31 15:50:24,-5.2,-35.46,84.2,74,75,16.11
384,Hobyo,SO,2020-10-31 15:50:24,5.35,48.53,82.38,74,99,10.18
385,Cururupu,BR,2020-10-31 15:50:24,-1.83,-44.87,91.94,44,68,8.66
386,Isiro,CD,2020-10-31 15:50:24,2.77,27.62,70.05,95,78,0.25
387,Clarence Town,AU,2020-10-31 15:50:24,-32.58,151.78,57.99,82,21,3.53
388,Mount Darwin,ZW,2020-10-31 15:50:24,-16.77,31.58,80.46,34,20,7.0
389,Cheremukhovo,RU,2020-10-31 15:50:24,60.35,59.99,34.75,96,100,3.24
390,Kudahuvadhoo,MV,2020-10-31 15:50:25,2.67,72.89,83.66,71,25,5.57
391,Maua,BR,2020-10-31 15:50:25,-23.67,-46.46,62.6,88,90,13.87
392,Lenger,KZ,2020-10-31 15:48:44,42.18,69.88,48.2,36,70,6.71
393,Edd,ER,2020-10-31 15:50:25,13.93,41.69,88.77,48,1,18.7
394,Benidorm,ES,2020-10-31 15:50:25,38.54,-0.13,71.01,75,0,5.01
395,Ouro Preto Do Oeste,BR,2020-10-31 15:50:25,-10.75,-62.22,78.76,65,100,5.77
396,Kolyvan,RU,2020-10-31 15:50:25,55.31,82.74,33.8,95,90,6.71
397,Agadez,NE,2020-10-31 15:50:25,19.75,10.25,81.59,16,0,8.43
398,Laguna,US,2020-10-31 15:49:13,38.42,-121.42,48.2,81,1,2.57
399,Bayeux,BR,2020-10-31 15:46:05,-7.12,-34.93,86.0,70,40,12.75
400,Ibra,OM,2020-10-31 15:50:26,22.69,58.53,65.14,28,4,0.72
401,Rypefjord,NO,2020-10-31 15:50:26,70.63,23.67,37.4,74,100,14.99
402,Kozhva,RU,2020-10-31 15:50:26,65.11,57.05,33.13,94,100,9.1
403,Acarau,BR,2020-10-31 15:50:15,-2.89,-40.12,89.94,52,98,18.03
404,Rawson,AR,2020-10-31 15:50:26,-43.3,-65.1,75.63,20,0,6.35
405,Pangody,RU,2020-10-31 15:46:03,65.85,74.49,33.17,97,100,13.06
406,Olafsvik,IS,2020-10-31 15:50:26,64.89,-23.71,43.66,80,76,12.28
407,Springbok,ZA,2020-10-31 15:50:27,-29.66,17.89,81.34,15,0,15.64
408,Sambava,MG,2020-10-31 15:50:27,-14.27,50.17,73.13,73,78,16.73
409,Harnosand,SE,2020-10-31 15:50:27,62.63,17.94,42.8,93,96,2.24
410,Bonavista,CA,2020-10-31 15:50:27,48.65,-53.11,36.0,64,100,5.82
411,Samfya,ZM,2020-10-31 15:50:27,-11.36,29.56,83.48,28,74,7.23
412,Axim,GH,2020-10-31 15:50:27,4.87,-2.24,82.33,77,39,6.71
413,Matara,LK,2020-10-31 15:50:27,5.95,80.54,78.42,84,3,6.2
414,Beisfjord,NO,2020-10-31 15:50:27,68.38,17.6,41.0,75,80,11.41
415,Hofn,IS,2020-10-31 15:50:27,64.25,-15.21,43.72,75,100,10.11
416,Caranavi,BO,2020-10-31 15:50:27,-15.82,-67.55,69.24,60,99,1.05
417,Saint-Joseph,RE,2020-10-31 15:50:27,-21.37,55.62,69.8,60,75,4.7
418,Salalah,OM,2020-10-31 15:49:47,17.02,54.09,84.2,37,0,4.7
419,Ironton,US,2020-10-31 15:50:27,38.54,-82.68,52.0,75,1,3.36
420,Grand-Lahou,CI,2020-10-31 15:50:27,5.14,-5.02,82.22,75,47,6.04
421,Saint-Georges,GD,2020-10-31 15:50:28,12.06,-61.75,86.0,79,20,17.22
422,Baoro,CF,2020-10-31 15:50:28,5.67,15.97,76.46,80,27,4.92
423,Meghraj,IN,2020-10-31 15:50:28,23.5,73.5,75.52,20,0,6.44
424,Meulaboh,ID,2020-10-31 15:50:28,4.14,96.13,78.53,83,100,3.04
425,Oksfjord,NO,2020-10-31 15:50:28,70.24,22.35,37.4,80,100,13.87
426,Oum Hadjer,TD,2020-10-31 15:50:28,13.3,19.7,94.68,18,62,6.93
427,Pitimbu,BR,2020-10-31 15:50:28,-7.47,-34.81,86.0,70,40,12.75
428,Ler,SS,2020-10-31 15:50:28,8.3,30.14,81.25,64,45,2.62
429,Mamallapuram,IN,2020-10-31 15:50:28,12.63,80.17,82.4,78,20,2.24
430,Amapa,BR,2020-10-31 15:50:28,1.0,-52.0,98.82,27,0,7.36
431,Domoni,KM,2020-10-31 15:50:28,-12.26,44.53,76.98,76,97,3.38
432,Meridian,US,2020-10-31 15:50:28,43.61,-116.39,37.4,93,1,4.36
433,Ormara,PK,2020-10-31 15:46:08,25.21,64.64,78.46,49,0,9.42
434,Lamu,KE,2020-10-31 15:50:28,-2.27,40.9,80.6,78,20,11.41
435,Ribnitz-Damgarten,DE,2020-10-31 15:50:29,54.25,12.47,57.2,93,75,5.82
436,Korla,CN,2020-10-31 15:50:29,41.76,86.15,39.0,66,1,5.01
437,La Carolina,ES,2020-10-31 15:50:29,38.28,-3.62,77.0,29,0,4.25
438,Goderich,CA,2020-10-31 15:50:29,43.75,-81.72,39.2,55,36,11.41
439,Coquimbo,CL,2020-10-31 15:50:29,-29.95,-71.34,53.6,87,90,8.05
440,Jacareacanga,BR,2020-10-31 15:50:29,-6.22,-57.75,97.63,37,75,3.78
441,Turukhansk,RU,2020-10-31 15:50:29,65.82,87.98,15.12,96,100,19.04
442,Oktyabrskoye,RU,2020-10-31 15:50:29,43.06,44.74,59.0,67,57,4.47
443,Baikunthpur,IN,2020-10-31 15:50:29,23.25,82.55,68.13,56,6,6.4
444,Alta Floresta,BR,2020-10-31 15:50:29,-9.88,-56.09,87.55,57,100,2.66
445,Skole,UA,2020-10-31 15:50:30,49.04,23.51,45.0,84,89,5.12
446,Riviere-Au-Renard,CA,2020-10-31 15:50:30,49.0,-64.4,35.6,51,20,9.17
447,Surt,LY,2020-10-31 15:50:30,31.21,16.59,71.44,62,22,12.15
448,Corn Island,NI,2020-10-31 15:50:30,12.17,-83.04,83.23,76,92,18.72
449,Polis,CY,2020-10-31 15:50:30,35.04,32.43,71.6,64,20,11.41
450,Ardesen,TR,2020-10-31 15:50:30,41.19,40.99,68.0,88,75,3.36
451,Sterlibashevo,RU,2020-10-31 15:50:30,53.44,55.26,42.22,65,100,10.56
452,Vangazi,LV,2020-10-31 15:50:30,57.09,24.55,46.4,87,90,3.36
453,Grand Baie,MU,2020-10-31 15:50:30,-20.02,57.58,66.99,68,1,15.37
454,Quelimane,MZ,2020-10-31 15:50:30,-17.88,36.89,82.4,69,20,9.17
455,Villa Carlos Paz,AR,2020-10-31 15:50:30,-31.42,-64.5,75.0,34,0,1.99
456,Dhidhdhoo,MV,2020-10-31 15:50:30,6.88,73.1,83.79,68,99,6.93
457,Olinda,BR,2020-10-31 15:50:30,-8.01,-34.86,86.0,66,40,11.41
458,Lake Park,US,2020-10-31 15:50:30,26.8,-80.07,84.2,70,75,14.99
459,Puquio,PE,2020-10-31 15:50:30,-14.7,-74.13,60.85,45,91,9.17
460,Isoka,ZM,2020-10-31 15:50:30,-10.16,32.63,72.59,46,71,4.56
461,Castro,BR,2020-10-31 15:50:30,-24.79,-50.01,61.0,77,100,6.04
462,Keti Bandar,PK,2020-10-31 15:50:30,24.14,67.45,81.48,55,0,7.31
463,Seydi,TM,2020-10-31 15:50:30,39.48,62.91,53.2,36,0,7.07
464,Aswan,EG,2020-10-31 15:50:30,24.09,32.91,86.02,21,0,10.56
465,Greenwood,US,2020-10-31 15:50:31,34.17,-82.12,55.99,62,1,9.17
466,Surgut,RU,2020-10-31 15:50:31,61.25,73.42,32.0,94,0,8.95
467,Papineauville,CA,2020-10-31 15:50:31,45.62,-75.02,36.0,69,0,6.93
468,Nacala,MZ,2020-10-31 15:50:31,-14.54,40.67,78.91,66,100,6.51
469,Urengoy,RU,2020-10-31 15:50:31,65.97,78.37,33.89,95,100,16.17
470,Ikalamavony,MG,2020-10-31 15:50:31,-21.15,46.58,66.45,56,1,6.8
471,Fethiye,TR,2020-10-31 15:50:31,36.62,29.12,69.8,60,20,4.7
472,Ariquemes,BR,2020-10-31 15:50:31,-9.91,-63.04,78.44,70,97,6.17
473,Idenao,CM,2020-10-31 15:50:31,4.25,9.0,82.4,78,40,5.82
474,Doha,QA,2020-10-31 15:48:49,25.29,51.53,84.2,58,0,6.93
475,Kunzelsau,DE,2020-10-31 15:50:31,49.28,9.69,60.8,63,0,4.7
476,Marquette,US,2020-10-31 15:50:31,46.53,-87.63,39.99,62,64,1.99
477,Antipino,RU,2020-10-31 15:50:31,57.11,65.76,39.2,60,0,11.18
478,Kalemie,CD,2020-10-31 15:50:31,-5.95,29.19,75.38,60,27,1.34
479,Inhambane,MZ,2020-10-31 15:48:06,-23.86,35.38,78.8,65,20,12.75
480,Yining,CN,2020-10-31 15:50:32,29.04,114.56,60.22,89,100,1.5
481,Leo,BF,2020-10-31 15:50:32,11.1,-2.1,95.61,18,0,7.67
482,Marietta,US,2020-10-31 15:46:43,33.95,-84.55,57.99,54,20,10.29
483,Erin,US,2020-10-31 15:50:32,36.32,-87.69,55.0,62,1,5.46
484,Sawakin,SD,2020-10-31 15:50:32,19.11,37.33,86.5,65,0,5.66
485,Kartuzy,PL,2020-10-31 15:50:32,54.33,18.2,51.01,93,90,9.17
486,Barra Dos Coqueiros,BR,2020-10-31 15:50:32,-10.91,-37.04,84.2,70,75,16.11
487,Kolo,PL,2020-10-31 15:50:32,52.2,18.64,45.0,96,0,4.36
488,Ilinskiy,RU,2020-10-31 15:50:32,55.62,38.12,45.0,87,40,4.47
489,Upata,VE,2020-10-31 15:50:33,8.01,-62.4,87.35,59,9,7.76
490,Oussouye,SN,2020-10-31 15:50:33,12.48,-16.55,96.8,52,0,4.7
491,San-Pedro,CI,2020-10-31 15:50:33,4.75,-6.64,81.9,77,47,6.62
492,Malangali,TZ,2020-10-31 15:50:33,-8.57,34.85,69.17,54,44,13.15
493,Camargo,MX,2020-10-31 15:50:33,27.67,-105.17,67.62,28,96,7.36
494,Ippy,CF,2020-10-31 15:50:33,6.27,21.22,74.43,86,32,2.3
495,Lafiagi,NG,2020-10-31 15:50:33,8.87,5.42,94.59,35,63,2.91
496,Guadalupe,MX,2020-10-31 15:49:07,25.68,-100.25,62.01,55,5,2.8
497,Dmitriyevka,RU,2020-10-31 15:50:33,54.75,55.33,42.01,65,90,2.24
498,Maridi,SS,2020-10-31 15:50:33,4.92,29.47,73.54,85,27,1.52
499,Staroye Drozhzhanoye,RU,2020-10-31 15:50:33,54.73,47.57,39.85,86,94,1.59
500,Tete,MZ,2020-10-31 15:50:33,-16.16,33.59,95.0,26,40,10.29
501,Talcahuano,CL,2020-10-31 15:50:33,-36.72,-73.12,55.4,87,90,8.05
502,Zvishavane,ZW,2020-10-31 15:50:33,-20.33,30.07,79.39,28,0,10.49
503,Maragogi,BR,2020-10-31 15:48:31,-9.01,-35.22,83.14,69,94,11.27
504,Thinadhoo,MV,2020-10-31 15:50:34,0.53,72.93,83.37,74,63,9.37
505,Itaituba,BR,2020-10-31 15:50:34,-4.28,-55.98,100.2,30,21,4.59
506,Ewo,CG,2020-10-31 15:50:34,-0.87,14.82,81.5,72,96,1.52
507,Damghan,IR,2020-10-31 15:50:34,36.17,54.35,61.2,31,0,1.79
508,Havelock,US,2020-10-31 15:50:34,34.88,-76.9,63.0,59,1,12.75
509,Bolshoye Selo,RU,2020-10-31 15:50:34,57.72,38.93,42.94,89,97,5.73
510,Dzhubga,RU,2020-10-31 15:50:34,44.32,38.7,62.67,76,98,18.57
511,Keffi,NG,2020-10-31 15:50:34,8.85,7.87,88.25,42,29,5.68
512,Mizdah,LY,2020-10-31 15:50:34,31.45,12.98,64.42,61,45,10.65
513,Aksu,CN,2020-10-31 15:50:34,41.12,80.26,45.88,52,0,4.34
514,Cortland,US,2020-10-31 15:50:34,42.6,-76.08,37.99,64,75,2.84
515,Moose Factory,CA,2020-10-31 15:50:34,51.26,-80.61,26.6,73,75,9.17
516,Namwala,ZM,2020-10-31 15:50:34,-15.75,26.44,89.64,17,0,7.92
517,Jurm,AF,2020-10-31 15:50:34,36.86,70.83,42.15,42,0,1.48
518,Marsh Harbour,BS,2020-10-31 15:50:34,26.54,-77.06,79.86,83,16,19.01
519,Abha,SA,2020-10-31 15:50:34,18.22,42.51,68.0,60,40,4.7
520,Izacic,BA,2020-10-31 15:50:34,44.88,15.78,54.0,87,0,1.48
521,San Andres,CO,2020-10-31 15:50:34,12.58,-81.7,80.6,88,75,9.17
522,Bonthe,SL,2020-10-31 15:50:35,7.53,-12.51,84.22,69,34,6.15
523,Zinder,NE,2020-10-31 15:50:35,13.81,8.99,95.0,11,0,9.17
524,Rudnya,RU,2020-10-31 15:50:35,54.95,31.09,48.2,87,75,8.95
525,Paamiut,GL,2020-10-31 15:50:35,61.99,-49.67,27.9,88,81,17.85
526,Qaqortoq,GL,2020-10-31 15:50:35,60.72,-46.03,28.4,68,40,4.18
527,Manga,BF,2020-10-31 15:50:35,11.66,-1.07,97.61,15,0,9.19
528,Athens,GR,2020-10-31 15:47:19,37.98,23.72,69.01,40,0,3.36
529,Emba,KZ,2020-10-31 15:50:35,48.83,58.14,48.29,45,97,11.25
530,Bom Sucesso,BR,2020-10-31 15:50:35,-21.03,-44.76,63.55,82,100,11.14
531,Ginda,IN,2020-10-31 15:50:35,30.69,78.49,64.4,88,20,3.36
532,Krasnotorka,UA,2020-10-31 15:50:35,48.68,37.53,54.79,93,98,8.16
533,Chapais,CA,2020-10-31 15:47:40,49.78,-74.85,23.0,73,1,8.05
534,Grand Gaube,MU,2020-10-31 15:50:35,-20.01,57.66,66.99,68,0,17.43
535,Sardarshahr,IN,2020-10-31 15:50:35,28.43,74.48,72.91,19,0,6.13
536,Barmer,IN,2020-10-31 15:50:35,25.75,71.38,78.94,17,0,3.69
537,Dudinka,RU,2020-10-31 15:50:35,69.41,86.18,17.6,92,75,40.26
538,Uribia,CO,2020-10-31 15:50:35,11.71,-72.27,88.0,60,83,5.99
539,Synya,RU,2020-10-31 15:50:35,65.37,58.04,32.36,97,100,9.13
540,Jumla,NP,2020-10-31 15:50:35,29.27,82.18,48.25,53,50,6.04
541,Bombay,IN,2020-10-31 15:48:30,19.01,72.85,84.2,58,0,6.93
542,Bernay,FR,2020-10-31 15:50:36,49.17,0.67,59.0,90,100,8.99
543,Camana,PE,2020-10-31 15:50:36,-16.62,-72.71,68.58,67,96,8.59
544,Hulyaypole,UA,2020-10-31 15:50:36,47.67,36.26,50.72,92,100,14.88
545,Opuwo,NA,2020-10-31 15:50:36,-18.06,13.84,85.08,34,98,10.69
546,Grand-Santi,GF,2020-10-31 15:50:36,4.25,-54.38,98.38,32,15,5.55
547,Lagunas,PE,2020-10-31 15:50:36,-5.23,-75.68,86.68,59,81,7.45
548,Vertientes,CU,2020-10-31 15:50:36,21.26,-78.15,84.2,74,40,17.22
549,Gobabis,NA,2020-10-31 15:50:37,-22.45,18.97,90.95,19,79,7.47
550,Iquique,CL,2020-10-31 15:50:37,-20.22,-70.14,66.2,63,0,17.22
551,Umm Kaddadah,SD,2020-10-31 15:50:37,13.6,26.69,91.4,16,0,8.23
552,Hattiesburg,US,2020-10-31 15:49:42,31.33,-89.29,60.01,76,1,3.36
553,Nova Zagora,BG,2020-10-31 15:50:37,42.48,26.02,55.4,93,90,4.7
554,Adrasmon,TJ,2020-10-31 15:50:37,40.65,69.99,44.6,48,0,4.47
555,Bignona,SN,2020-10-31 15:50:37,12.81,-16.23,96.8,47,0,4.7
556,Kremenchuk,UA,2020-10-31 15:50:37,49.1,33.42,47.62,90,100,10.04
557,At-Bashi,KG,2020-10-31 15:46:32,41.17,75.81,30.88,60,0,3.91
558,Naron,ES,2020-10-31 15:50:38,43.52,-8.15,69.01,74,100,1.99
559,Mantua,IT,2020-10-31 15:50:38,45.17,10.78,59.0,82,91,3.36
560,Qeshm,IR,2020-10-31 15:50:38,26.96,56.27,77.0,73,0,4.7
561,Morondava,MG,2020-10-31 15:48:26,-20.28,44.28,80.56,70,22,13.18
562,Mitsamiouli,KM,2020-10-31 15:50:38,-11.38,43.28,78.22,79,100,8.61
563,Westport,US,2020-10-31 15:47:06,41.14,-73.36,44.01,56,1,9.17
564,Segezha,RU,2020-10-31 15:50:38,63.74,34.32,31.62,95,2,5.28
565,Mora,CM,2020-10-31 15:47:25,11.05,14.14,95.0,32,0,12.75
566,Bjornevatn,NO,2020-10-31 15:50:38,69.67,29.98,30.2,74,90,24.16
567,Oskemen,KZ,2020-10-31 15:50:38,49.96,82.61,33.8,86,40,2.24
568,Vyazma,RU,2020-10-31 15:50:38,55.21,34.3,44.6,84,88,9.51
569,Beloha,MG,2020-10-31 15:50:38,-25.17,45.05,71.56,64,0,12.3
570,Urumqi,CN,2020-10-31 15:46:11,43.8,87.6,42.8,45,0,1.57
571,The Valley,AI,2020-10-31 15:50:39,18.22,-63.06,87.8,66,20,18.34
572,Uvira,CD,2020-10-31 15:50:39,-3.41,29.15,75.6,65,59,3.2
573,Lauingen,DE,2020-10-31 15:50:39,48.57,10.43,55.99,77,98,3.65
574,Kumluca,TR,2020-10-31 15:50:39,36.37,30.29,68.54,68,5,3.2
575,Neuquen,AR,2020-10-31 15:50:39,-38.95,-68.06,78.8,22,0,13.87
576,Guiratinga,BR,2020-10-31 15:50:39,-16.35,-53.76,84.6,68,100,1.28
577,Odesskoye,RU,2020-10-31 15:50:39,54.21,72.97,36.25,79,53,8.88
578,Henties Bay,NA,2020-10-31 15:50:39,-22.12,14.28,60.01,80,10,5.99
579,Nuremberg,DE,2020-10-31 15:50:39,49.45,11.07,57.2,71,0,8.05
580,Adrar,MR,2020-10-31 15:50:40,20.5,-10.07,93.33,11,97,10.94
581,Puerto Leguizamo,CO,2020-10-31 15:50:40,-0.19,-74.78,88.03,59,100,4.12
582,Bergerac,FR,2020-10-31 15:50:40,44.83,0.5,66.99,68,0,3.36
583,Avezzano,IT,2020-10-31 15:45:47,42.04,13.44,60.01,56,0,2.48
584,Somerset East,ZA,2020-10-31 15:50:40,-32.72,25.59,60.08,73,59,15.1
585,Lagoa Do Itaenga,BR,2020-10-31 15:50:40,-7.94,-35.29,86.0,66,40,11.41
586,Iglesias,IT,2020-10-31 15:50:40,39.31,8.54,71.6,68,0,4.7
587,Belyy Yar,RU,2020-10-31 15:50:40,53.6,91.39,35.6,69,75,2.24
588,Lisieux,FR,2020-10-31 15:50:40,49.17,0.17,59.0,100,100,14.99
589,Hasanabad,IR,2020-10-31 15:50:40,36.55,61.05,64.4,15,0,2.24
590,Kedrovyy,RU,2020-10-31 15:50:40,56.17,91.82,24.8,92,75,4.47
591,Illapel,CL,2020-10-31 15:50:40,-31.63,-71.17,80.62,25,0,8.79
592,San Luis,AR,2020-10-31 15:50:41,-33.3,-66.34,77.81,18,0,9.26
593,Porto Nacional,BR,2020-10-31 15:50:41,-10.71,-48.42,82.4,74,75,8.05
